code,name,kind
060310,3S,�ڽ���
054620,AP�ý���,�ڽ���
211270,AP����,�ڽ���
032040,C&S�ڻ�����,�ڽ���
130960,CJ E&M,�ڽ���
035760,CJ������,�ڽ���
051500,CJ�����ÿ���,�ڽ���
058820,CMG����,�ڽ���
023460,CNH,�ڽ���
065770,CS,�ڽ���
083660,CSA �ڽ���,�ڽ���
068790,DMS,�ڽ���
037370,EG,�ڽ���
079190,EMW,�ڽ���
032860,GMR ��Ƽ������,�ڽ���
900290,GRT,�ڽ���
083450,GST,�ڽ���
028150,GSȨ����,�ڽ���
078150,HB��ũ���,�ڽ���
036640,HRS,�ڽ���
225430,IBKS��3ȣ����,�ڽ���
230980,IBKS��4ȣ����,�ڽ���
252500,IBKS����������,�ڽ���
052220,iMBC,�ڽ���
095340,ISC,�ڽ���
099520,ITX������,�ڽ���
067290,JW�ž�,�ڽ���
035900,JYP Ent.,�ڽ���
024120,KB�����ý�,�ڽ���
021320,KCC�Ǽ�,�ڽ���
036670,KCI,�ڽ���
044180,KD�Ǽ�,�ڽ���
151860,KG ETS,�ڽ���
046440,KG����������,�ڽ���
035600,KG�̴Ͻý�,�ڽ���
060720,KH����,�ڽ���
083470,KJ������,�ڽ���
122450,KMH,�ڽ���
052900,KMH������,�ڽ���
058400,KNN,�ڽ���
114450,KPX��������,�ڽ���
036030,KTH,�ڽ���
043610,KT����,�ڽ���
060370,KT���긶��,�ڽ���
159910,MBK,�ڽ���
086960,MDS��ũ,�ڽ���
065150,MPK,�ڽ���
160550,NEW,�ڽ���
060250,NHN�ѱ����̹�����,�ڽ���
030190,NICE��������,�ڽ���
024940,PNǳ��,�ڽ���
091340,S&K������,�ڽ���
950110,SBI�׽���,�ڽ���
019550,SBI�κ���Ʈ��Ʈ,�ڽ���
046140,SBS����������,�ڽ���
036120,SCI��������,�ڽ���
099220,SDN,�ڽ���
036540,SFA�ݵ�ü,�ڽ���
040610,SG&G,�ڽ���
049470,SGA,�ڽ���
184230,SGA�ַ�����,�ڽ���
090730,SIMPAC METALLOY,�ڽ���
207930,SK1ȣ����,�ڽ���
219550,SK2ȣ����,�ڽ���
232330,SK3ȣ����,�ڽ���
057500,SKC �ֹͽ�,�ڽ���
178920,SKC�ڿ���PI,�ڽ���
036490,SK��Ƽ������,�ڽ���
052260,SK���̿�����,�ڽ���
066270,SK����,�ڽ���
048550,SM C&C,�ڽ���
089230,THE E&M,�ڽ���
032540,TJ�̵���,�ڽ���
048770,TPC,�ڽ���
052300,WȦ�����۴�,�ڽ���
040300,YTN,�ڽ���
051390,YW,�ڽ���
079940,������,�ڽ���
078890,���¹̵���,�ڽ���
192410,������,�ڽ���
024840,������Ż,�ڽ���
217730,�����۹��̿���,�ڽ���
094480,�����þ�����,�ڽ���
063080,���Ӻ�,�ڽ���
039240,�泲��ƿ,�ڽ���
053950,�泲����,�ڽ���
011040,�浿����,�ڽ���
139050,����,�ڽ���
024910,��â����,�ڽ���
089890,�����ݵ�ü,�ڽ���
049720,�����ſ�����,�ڽ���
014570,��������,�ڽ���
098460,����,�ڽ���
206660,�����긴����2ȣ����,�ڽ���
219580,�����긴����3ȣ����,�ڽ���
227950,�����긴����4ȣ����,�ڽ���
900280,���缾����,�ڽ���
215000,������,�ڽ���
121440,����������Ȧ����,�ڽ���
014200,����,�ڽ���
026910,�����Ǿ�,�ڽ���
090150,��������,�ڽ���
223040,����5ȣ����,�ڽ���
242040,�����������̽���,�ڽ���
053270,������ũ,�ڽ���
066620,����������,�ڽ���
043650,������,�ڽ���
006050,�������ؿ�,�ڽ���
060480,���Ͻŵ�,�ڽ���
078130,��������,�ڽ���
019010,�׷�����ȭ��,�ڽ���
900070,�۷ι�������,�ڽ���
019660,�۷κ�,�ڽ���
053260,�ݰ�ö��,�ڽ���
058370,�ݼ���ũ,�ڽ���
130500,��ȣ��Ƽ,�ڽ���
036190,��ȭ�ǿ�����,�ڽ���
049080,�Ⱑ����,�ڽ���
035460,�����ڷ���,�ڽ���
187790,����,�ڽ���
151910,���뽺,�ڽ���
121600,�����ż���,�ڽ���
039860,���뿣��,�ڽ���
091970,����ķ��,�ڽ���
051490,���󿥾ص�,�ڽ���
190510,������,�ڽ���
089600,�����̵���,�ڽ���
138610,���̺�,�ڽ���
130580,���̽����غ�,�ڽ���
036800,���̽���������,�ڽ���
091590,��ȭ����,�ڽ���
168330,���򷲿�����,�ڽ���
072770,�׿�������ũ������,�ڽ���
212560,�׿�����,�ڽ���
095660,�׿�����������,�ڽ���
042420,�׿�����Ȧ����,�ڽ���
085910,�׿�Ƽ��,�ڽ���
092730,�׿���,�ڽ���
101400,�׿��ǵ���Ƽ,�ڽ���
153460,���̺�,�ڽ���
007390,����ó��,�ڽ���
033640,���н�,�ڽ���
087730,���н��ż���,�ڽ���
073070,�ؼ���ũ,�ڽ���
089140,�ؽ���,�ڽ���
065170,�ؽ�ƮBT,�ڽ���
139670,�ؽ�Ʈ����,�ڽ���
051980,�ؽ�Ʈ���̿�Ȧ����,�ڽ���
137940,�ؽ�Ʈ����,�ڽ���
092600,�ؽ�ƮĨ,�ڽ���
041140,�ؽ���Ƽ,�ڽ���
144510,�����ڷ���,�ڽ���
031390,�����ڼ�,�ڽ���
142280,�����ڿ�����,�ڽ���
054050,�������̿�,�ڽ���
040160,�����ڷ���,�ڽ���
069140,�����÷�,�ڽ���
126870,���ν�,�ڽ���
060260,������,�ڽ���
012340,������,�ڽ���
222040,��Ʈ�����̿���,�ڽ���
900100,�������̵�,�ڽ���
085670,��������,�ڽ���
053290,�ɷ�����,�ڽ���
222810,�н���ũ,�ڽ���
119860,�ٳ���,�ڽ���
064260,�ٳ�,�ڽ���
093640,�ٹɸ�Ƽ�̵���,�ڽ���
039560,�ٻ���Ʈ����,�ڽ���
032190,�ٿ쵥��Ÿ,�ڽ���
068240,�ٿ��ý�,�ڽ���
020400,�뵿�ݼ�,�ڽ���
008830,�뵿����,�ڽ���
048470,�뵿��ƿ,�ڽ���
004780,��������,�ڽ���
017650,�븲����,�ڽ���
007720,�������۷��̼�,�ڽ���
078140,����������,�ڽ���
036480,�뼺�̻���,�ڽ���
025440,�뼺����,�ڽ���
027830,�뼺â��,�ڽ���
104040,�뼺������,�ڽ���
217270,���Ź뷱����1ȣ����,�ڽ���
232140,���Ź뷱����2ȣ����,�ڽ���
020180,������������,�ڽ���
045390,����Ƽ����,�ڽ���
108380,������������,�ڽ���
006580,��������,�ڽ���
215480,����SBI����1ȣ,�ڽ���
204440,���콺��2ȣ,�ڽ���
215580,���콺��3ȣ,�ڽ���
048910,�����̵���,�ڽ���
005710,��������,�ڽ���
071460,�������Ͼ�,�ڽ���
120240,����ȭ��,�ڽ���
003310,���ֻ���,�ڽ���
078600,������������,�ڽ���
065690,����������,�ڽ���
096350,��â�ַ���,�ڽ���
140520,��â��ƿ,�ڽ���
131220,���Ѱ���,�ڽ���
010170,���ѱ�����,�ڽ���
054670,���Ѵ���,�ڽ���
023910,���Ѿ�ǰ,�ڽ���
021040,��ȣ�Ǿؾ�,�ڽ���
021045,��ȣ�Ǿؾ���,�ڽ���
067080,��ȭ����,�ڽ���
192080,������������,�ڽ���
213420,�����׿��轺,�ڽ���
077360,�������̸�Ż,�ڽ���
090410,�����Ͽ�¡,�ڽ���
194480,�����ý�����,�ڽ���
017680,���ھ���,�ڽ���
206560,������,�ڽ���
067990,����ġ���ͽ�,�ڽ���
100130,����S&C,�ڽ���
005160,��������,�ڽ���
075970,�����˾ؿ���,�ڽ���
086450,��������,�ڽ���
099410,���漱��,�ڽ���
045890,���ζ�����,�ڽ���
226440,���ν���3ȣ,�ڽ���
230490,������4ȣ����,�ڽ���
033500,����ȭ����,�ڽ���
025950,���ŰǼ�,�ڽ���
088130,���ƿ���,�ڽ���
041930,����ȭ��,�ڽ���
038500,�����ø�Ʈ,�ڽ���
060380,���翡����,�ڽ���
079960,�����̿���,�ڽ���
228340,��������,�ڽ���
104460,�����ǿ�����,�ڽ���
088910,����,�ڽ���
094170,�����Ƴ���,�ڽ���
013120,��������,�ڽ���
109860,���ϱݼ�,�ڽ���
032960,���ϱ⿬,�ڽ���
023790,����ö��,�ڽ���
005290,����������,�ڽ���
025900,��ȭ����,�ڽ���
078590,�οû���,�ڽ���
030350,�巡���ö���,�ڽ���
073190,��������,�ڽ���
066670,�����÷�����,�ڽ���
109740,�𿡽�����,�ڽ���
090710,�𿡽�Ƽ�κ�,�ڽ���
131030,������ġ���ڸ���,�ڽ���
196490,��������ũ������,�ڽ���
066900,��������,�ڽ���
127120,�𿣿��̸�ũ,�ڽ���
092070,�𿣿���,�ڽ���
101000,�𿥾�,�ڽ���
134580,����Ƽ,�ڽ���
039840,����,�ڽ���
079810,���̿�Ƽ,�ڽ���
113810,������,�ڽ���
043360,��������,�ڽ���
106520,����Ż��ƽ,�ڽ���
068930,�����д뼺,�ڽ���
033130,����Ʋ����,�ڽ���
033310,�����̵��ؾ���,�ڽ���
105740,�����̶�,�ڽ���
187220,��Ƽ�ؾ�,�ڽ���
131180,����,�ڽ���
042510,���½�ť��,�ڽ���
050120,���̺��÷���,�ڽ���
171120,���̿�����,�ڽ���
171010,����ũ���,�ڽ���
084650,�������ͽ�,�ڽ���
141080,�����͹��̿�,�ڽ���
060300,�����ι�,�ڽ���
038390,����ĸ����,�ڽ���
228850,���̾���,�ڽ���
047440,������,�ڽ���
238120,�ΰ������̿�,�ڽ���
090360,�κ���Ÿ,�ڽ���
900260,�ν���,�ڽ���
016170,�ο�,�ڽ���
067730,�����ý�,�ڽ���
071280,��ü�ý�����,�ڽ���
109960,��������,�ڽ���
038060,���ེ,�ڽ���
082800,���̸���ũ��,�ڽ���
085370,��Ʈ�δ�,�ڽ���
060240,�����ڸ���,�ڽ���
042940,������,�ڽ���
058470,��������,�ڽ���
039980,���뽺,�ڽ���
016100,�������ڽ���ƽ,�ڽ���
197210,����,�ڽ���
012700,��������,�ڽ���
038340,����,�ڽ���
131100,����,�ڽ���
042500,����Ʈ,�ڽ���
098120,����ũ�����ؼ�,�ڽ���
035480,������Ÿ,�ڽ���
038290,��ũ����,�ڽ���
005990,��������,�ڽ���
127160,��������ũ��,�ڽ���
093520,��Ŀ��,�ڽ���
141070,�ƽ�����,�ڽ���
067280,��Ƽķ�۽�,�ڽ���
072870,�ް����͵�,�ڽ���
215200,�ް����͵�����,�ڽ���
133750,�ް�����,�ڽ���
041920,�޵��Ƴ�,�ڽ���
086900,�޵��彺,�ڽ���
078160,�޵�����Ʈ,�ڽ���
065650,�޵�����,�ڽ���
021880,���̽�ĳ��Ż,�ڽ���
140410,������,�ڽ���
059210,��Ÿ���̿��޵�,�ڽ���
058110,�߾��̾�����,�ڽ���
096640,���Ľ�,�ڽ���
080420,�����̳�Ĩ,�ڽ���
149940,������������,�ڽ���
080160,��������,�ڽ���
100030,�����ϸ���,�ڽ���
101330,�����̽�,�ڽ���
033200,������,�ڽ���
006920,������,�ڽ���
001810,����SP,�ڽ���
161570,�̵��ؾ��׸�,�ڽ���
095500,�̷�������,�ڽ���
215750,�̷�������3ȣ����,�ڽ���
239340,�̷�������5ȣ����,�ڽ���
049950,�̷����۴�,�ڽ���
213090,�̷���ũ������,�ڽ���
207760,�̽��ͺ���,�ڽ���
059090,����,�ڽ���
201490,������,�ڽ���
214180,�ξ���,�ڽ���
206640,�ٵ��ظ޵�,�ڽ���
018700,�ٸ���,�ڽ���
035620,�ٸ����̾ؿ���,�ڽ���
064520,�ٸ�����,�ڽ���
029480,�ٸ���ũ������,�ڽ���
053030,���̳ؽ�,�ڽ���
084990,���̷θ޵�,�ڽ���
064550,���̿��Ͼ�,�ڽ���
208710,���̿��α׵����̽�,�ڽ���
142760,���̿�������,�ڽ���
038460,���̿�����Ʈ,�ڽ���
086040,���̿��彺��,�ڽ���
032980,���̿�,�ڽ���
043150,����,�ڽ���
046310,����T&A,�ڽ���
036620,���߾���,�ڽ���
104200,����,�ڽ���
177350,����,�ڽ���
225530,��������,�ڽ���
014100,���ɸ޵��ӽ�,�ڽ���
006910,�����Ŀ���,�ڽ���
026260,��Ÿ���̿�,�ڽ���
014470,�ι�,�ڽ���
008470,�ν�Ÿ,�ڽ���
100120,������,�ڽ���
064480,�긮����,�ڽ���
033560,������,�ڽ���
200780,�񾾿�������,�ڽ���
141000,����Ʈ��,�ڽ���
090460,������ġ,�ڽ���
083650,������ġ����,�ڽ���
086670,����Ƽ,�ڽ���
082920,�����μ�,�ڽ���
054220,�����νý�,�ڽ���
042370,��������ũ,�ڽ���
032850,��Ʈ��ǻ��,�ڽ���
093190,���ַ�,�ڽ���
065450,����,�ڽ���
069540,��������,�ڽ���
072950,��������,�ڽ���
143240,�����ο���ġ��,�ڽ���
123260,�����̾���ũ������,�ڽ���
100090,�ﰭ����Ƽ,�ڽ���
122350,����������Ƽ��,�ڽ���
014970,�︢����,�ڽ���
018310,���񿡽���,�ڽ���
053700,�ﺸ���ͽ�,�ڽ���
009620,�ﺸ����,�ڽ���
023600,�ﺸ����,�ڽ���
111870,�ﺻ��������,�ڽ���
009300,��������,�ڽ���
054540,�￵����,�ڽ���
065570,�￵�̿���,�ڽ���
082660,���쿥��,�ڽ���
073640,������ũ,�ڽ���
032280,����,�ڽ���
002290,���ϱ�������,�ڽ���
037460,��������,�ڽ���
032750,����,�ڽ���
054090,�������ص�,�ڽ���
000250,��õ������,�ڽ���
024950,��õ��������,�ڽ���
017480,����ö��,�ڽ���
046390,��ȭ��Ʈ����,�ڽ���
027580,����,�ڽ���
091580,�����̵���,�ڽ���
089980,����������ũ,�ڽ���
042600,���δн�,�ڽ���
038070,�������̿�,�ڽ���
006730,����T&D,�ڽ���
079650,����,�ڽ���
100660,���ϱ�������,�ڽ���
012860,��������,�ڽ���
019770,����ž��Ż,�ڽ���
043710,���︮��,�ڽ���
046890,�����ݵ�ü,�ڽ���
063170,��������,�ڽ���
027040,������������,�ڽ���
018680,��������,�ڽ���
093920,��������,�ڽ���
189860,��������,�ڽ���
122690,����������Ƽ��,�ڽ���
011370,����,�ڽ���
065710,��ȣ����,�ڽ���
033790,��ȭ��������,�ڽ���
035890,�����Ǽ�,�ڽ���
003100,����,�ڽ���
123420,����������,�ڽ���
014620,��������,�ڽ���
037350,�����̿���,�ڽ���
081580,��������,�ڽ���
045300,������ũ��,�ڽ���
015750,����������,�ڽ���
080470,��â������,�ڽ���
043260,��ȣ����,�ڽ���
053060,����,�ڽ���
017510,��������,�ڽ���
214310,�����ܶ���Ʈ,�ڽ���
011560,�������̾�,�ڽ���
121800,���콺Ÿ����,�ڽ���
100700,�����޵�Į,�ڽ���
024830,��������,�ڽ���
036630,�����ڷ���,�ڽ���
039310,����,�ڽ���
080440,��������,�ڽ���
067770,����Ƽ����,�ڽ���
053450,���ڴн�,�ڽ���
049180,�����޵�,�ڽ���
108860,���ٽ�AI,�ڽ���
208370,���ٽ��ｺ�ɾ�,�ڽ���
068270,��Ʈ����,�ڽ���
068760,��Ʈ��������,�ڽ���
053110,�Ҹ��ٴ�,�ڽ���
052190,����Ʈ�ƽ�,�ڽ���
032680,����Ʈ��,�ڽ���
032685,����Ʈ����,�ڽ���
066910,�տ���,�ڽ���
043100,�ְ����̿�,�ڽ���
070300,�ֶ��þ�,�ڽ���
154040,�ַ翡Ÿ,�ڽ���
035610,�ֺ�,�ڽ���
036830,�ֺ극��,�ڽ���
086980,���ڽ�,�ڽ���
050960,�������̾�Ƽ,�ڽ���
084180,����,�ڽ���
236200,��������,�ڽ���
094840,������������ġť,�ڽ���
192440,���ǰ��ڸ���,�ڽ���
099440,����,�ڽ���
115570,��Ÿ�÷���,�ڽ���
087220,��ƿ�ö���,�ڽ���
028040,������ �۷ι�,�ڽ���
013810,������,�ڽ���
039670,����������,�ڽ���
049830,����,�ڽ���
020710,�ð���ũ,�ڽ���
033170,�ñ׳�ƽ��,�ڽ���
025320,�ó��彺,�ڽ���
131090,��ť��,�ڽ���
001000,�Ŷ�����,�ڽ���
025870,�Ŷ󿡽���,�ڽ���
065350,�ż���Ÿ��ũ,�ڽ���
056000,�Ž�Ÿ����,�ڽ���
086830,�ž�������,�ڽ���
225590,�ſ�����2ȣ,�ڽ���
017000,�ſ����հ���,�ڽ���
012790,��������,�ڽ���
138070,����������,�ڽ���
203650,������2ȣSPAC,�ڽ���
056700,��ȭ������,�ڽ���
187270,��ȭ����,�ڽ���
108320,�Ǹ��ܿ���,�ڽ���
222800,����,�ڽ���
036710,����Ȧ����,�ڽ���
160980,���̸ƽ�,�ڽ���
010280,�ֿ���������,�ڽ���
051170,���ھ�,�ڽ���
122800,����,�ڽ���
208640,�濡����,�ڽ���
222420,������,�ڽ���
037760,����Ʈ,�ڽ���
136510,���̽ý���,�ڽ���
099320,��Ʈ������,�ڽ���
049960,�����̿���,�ڽ���
050890,�򸮵�,�ڽ���
099830,���׳ο������θ�Ʈ�׷�,�ڽ���
066790,��������,�ڽ���
115530,�����÷���,�ڽ���
225330,������������,�ڽ���
115480,�����޵�Į,�ڽ���
096530,����,�ڽ���
900120,�����̿���ġ,�ڽ���
101240,��ť��,�ڽ���
047920,��Ʈ��,�ڽ���
060590,��Ƽ�����̿�,�ڽ���
036170,��Ƽ��,�ڽ���
013990,�ư������۴�,�ڽ���
123860,�Ƴ��н�,�ڽ���
058220,�Ƹ���,�ڽ���
052710,�Ƹ���,�ڽ���
074430,�ƹ̳�������,�ڽ���
092040,�ƹ�����,�ڽ���
083930,�ƹ���,�ڽ���
149950,�ƹ���,�ڽ���
036010,�ƺ�������,�ڽ���
050860,�Ƽ�����,�ڽ���
067390,�ƽ�Ʈ,�ڽ���
127710,�ƽþư���,�ڽ���
143160,���̵���,�ڽ���
054800,���̵���Ȧ����,�ڽ���
060570,���̸���,�ڽ���
099190,���̼���,�ڽ���
214430,���̾����ý���,�ڽ���
040910,���̾���,�ڽ���
068940,���̾�����,�ڽ���
052860,���̾ؾ�,�ڽ���
069920,���̿�����Ŀ�ӽ�,�ڽ���
038880,���̿���,�ڽ���
101390,���̿�,�ڽ���
226350,���̿���,�ڽ���
078860,���̿�����,�ڽ���
114810,���̿���,�ڽ���
023430,������,�ڽ���
031310,����������,�ڽ���
185490,������,�ڽ���
059100,����������Ʈ,�ڽ���
052460,����ũ����Ʈ,�ڽ���
119830,�����عݵ�ü,�ڽ���
124500,����Ƽ��,�ڽ���
032080,������WB,�ڽ���
013310,��������,�ڽ���
059120,����������,�ڽ���
056730,��ť�Ƚ�,�ڽ���
023890,��Ʈ����BX,�ڽ���
067160,������īTV,�ڽ���
001540,�ȱ���ǰ,�ڽ���
053800,�ȷ�,�ڽ���
065660,��Ʈ����,�ڽ���
131370,�˼���Ʈ,�ڽ���
096610,�˿�������,�ڽ���
061040,�˿�����,�ڽ���
148250,�˿�����ũ������,�ڽ���
196170,���׿���,�ڽ���
123750,���潺����,�ڽ���
085810,��Ƽĳ��Ʈ,�ڽ���
117670,����Ȧ����,�ڽ���
205500,�׼ǽ�����,�ڽ���
052790,����������Ʈ,�ڽ���
131400,��Ʈ,�ڽ���
238090,�ص�����,�ڽ���
030960,������,�ڽ���
102120,����ݵ�ü,�ڽ���
019990,������ũ,�ڽ���
025980,���ӽ��۽���,�ڽ���
041440,��������,�ڽ���
038680,������,�ڽ���
121890,�������ý���,�ڽ���
030270,������ũ,�ڽ���
097780,������,�ڽ���
042110,��������,�ڽ���
065420,�������̸��ҽ�,�ڽ���
050320,��������Ƽ�۷ι�,�ڽ���
103230,�����ش�����,�ڽ���
900080,�����ؾ������׷�,�ڽ���
101490,�����ؿ�����,�ڽ���
095910,����������,�ڽ���
036500,������������,�ڽ���
031330,�������̿�Ƽ,�ڽ���
060540,��������Ƽ,�ڽ���
112240,����������,�ڽ���
056190,������������,�ڽ���
080000,��������,�ڽ���
160600,��������,�ڽ���
041510,������,�ڽ���
007820,�������ھ�,�ڽ���
109610,���������г�,�ڽ���
096630,�����ڳ�,�ڽ���
069510,������,�ڽ���
041910,�������ĸ�,�ڽ���
039440,����Ƽ����,�ڽ���
098660,����Ƽ��,�ڽ���
052020,����Ƽť��,�ڽ���
237690,����Ƽ��,�ڽ���
050760,����������,�ڽ���
058610,��������,�ڽ���
043340,������ũ,�ڽ���
054630,���̵�Ĩ��,�ڽ���
200710,���̵���ũ������,�ڽ���
031860,���̸���,�ڽ���
003800,���̽�ħ��,�ڽ���
088800,���̽���ũ,�ڽ���
138360,���̾�Ƽ,�ڽ���
035290,���̿���,�ڽ���
072990,����ġ��Ƽ,�ڽ���
028300,����ġ����,�ڽ���
067630,����ġ������������,�ڽ���
043220,����ġ�����Ŀ�,�ڽ���
239610,����ġ�����̾���,�ڽ���
226340,����ġ����3ȣ����,�ڽ���
044780,����ġ����,�ڽ���
071670,������ũ�ַ���,�ڽ���
045660,������,�ڽ���
224110,������Ƽ��,�ڽ���
021080,����Ƽ���κ���Ʈ,�ڽ���
089530,����Ƽ������,�ڽ���
182400,����Ƽ��,�ڽ���
073570,����Ƽ��ũ���,�ڽ���
043580,��������,�ڽ���
214870,��ġ������,�ڽ���
230360,���ڸ�����,�ڽ���
038870,���ڹ��̿�,�ڽ���
086520,��������,�ڽ���
038110,�����ö���ƽ,�ڽ���
073540,��������,�ڽ���
036810,��������Ƽ,�ڽ���
063440,���������ֵ�����,�ڽ���
173940,������������,�ڽ���
065160,����Ƽ�̾���,�ڽ���
054940,�����̿���,�ڽ���
950130,���������̿�,�ڽ���
205100,����,�ڽ���
092870,������,�ڽ���
067570,�����̿���ġ�ڸ���,�ڽ���
054340,��������,�ڽ���
217820,������,�ڽ���
095300,����������,�ڽ���
207720,������ġSL����,�ڽ���
198440,������ġ����3ȣ,�ڽ���
215790,������ġ����5ȣ,�ڽ���
217810,������ġ����7ȣ,�ڽ���
218410,������ġ����8ȣ,�ڽ���
225570,������ġ����9ȣ,�ڽ���
208860,��������ũ�η���,�ڽ���
206400,���͸���Ʈ,�ڽ���
069410,���ڽ�,�ڽ���
048830,��������,�ڽ���
096870,����Ƽ,�ڽ���
061970,���񼼹���,�ڽ���
138690,�����̿���,�ڽ���
220260,���������̿�������,�ڽ���
066970,���ؿ���,�ڽ���
073110,��������,�ڽ���
083310,����Ƽ��Ũ,�ڽ���
037950,������,�ڽ���
170920,��Ƽ��,�ڽ���
058630,������,�ڽ���
019590,����ó����,�ڽ���
097520,�����ؽ�,�ڽ���
009780,��������,�ڽ���
123040,������������,�ڽ���
032790,�����÷���,�ڽ���
180400,�����޵�,�ڽ���
033160,����������,�ڽ���
050540,���Ǿ�,�ڽ���
115960,����,�ڽ���
090740,������������,�ڽ���
007530,���űݼ�,�ڽ���
143540,�����𿡽���,�ڽ���
036180,��������Ƽ��,�ڽ���
036560,��ǳ����,�ڽ���
036000,������,�ڽ���
053280,����24,�ڽ���
122640,����Ƽ,�ڽ���
900300,������Ƽ�ڽ���ƽ,�ڽ���
045060,����,�ڽ���
080520,������,�ڽ���
039830,���ζ�,�ڽ���
046120,��������,�ڽ���
014940,������Ż����,�ڽ���
065500,������Ʈ����,�ڽ���
010470,������,�ڽ���
053980,�������̿�,�ڽ���
052420,����������Ƽ,�ڽ���
039200,��������,�ڽ���
031510,������,�ڽ���
048260,���������ö�Ʈ,�ڽ���
138080,���ַ̼���,�ڽ���
080580,��Ų������,�ڽ���
067170,����,�ڽ���
049480,���º��̽�,�ڽ���
196450,�´� �������θ�Ʈ,�ڽ���
057540,�ȴϽý���,�ڽ���
057680,�ȴ���,�ڽ���
123010,������,�ڽ���
082210,��Ʈ����,�ڽ���
109080,��Ƽ�ý�,�ڽ���
052770,���̵��¶���,�ڽ���
057030,���̺񿥳�,�ڽ���
122990,���̼�,�ڽ���
067900,���̿���,�ڽ���
155650,���̿���,�ڽ���
066430,���̿���,�ڽ���
193250,�������̿�������,�ڽ���
019210,������-��,�ڽ���
122870,�������������θ�Ʈ,�ڽ���
079000,���佺�ڸ���,�ڽ���
900180,�ϸ�,�ڽ���
114630,���������۴�,�ڽ���
032820,�츮����,�ڽ���
041190,�츮��������,�ڽ���
115440,�츮��,�ڽ���
046970,�츮��,�ڽ���
215360,�츮����,�ڽ���
072470,�츮����Ȧ����,�ڽ���
073560,�츮�տ�������,�ڽ���
153490,�츮�̾ؿ�,�ڽ���
082850,�츮��Ƽ����,�ڽ���
037400,�츮����,�ڽ���
101170,�츲����,�ڽ���
194610,�켺���̺�,�ڽ���
066590,����AMS,�ڽ���
046940,��������,�ڽ���
052270,����,�ڽ���
065680,�����Ϸ�Ʈ��,�ڽ���
018620,����������,�ڽ���
032940,����,�ڽ���
240810,����IPS,�ڽ���
074600,����QnC,�ڽ���
104830,���͸�Ʈ������,�ڽ���
014190,����ť��,�ڽ���
030530,����Ȧ����,�ڽ���
012620,����Ư��,�ڽ���
008370,��ǳ,�ڽ���
008290,��ǳ����,�ڽ���
101160,������,�ڽ���
095270,���̺��Ϸ�Ʈ��,�ڽ���
900130,������Ʈ,�ڽ���
065950,��ũ��,�ڽ���
114190,��ũ�а���,�ڽ���
076080,��ũ������,�ڽ���
196700,����,�ڽ���
069080,����,�ڽ���
039790,������,�ڽ���
044340,���н�,�ڽ���
112040,�����̵�,�ڽ���
038620,��������,�ڽ���
036090,����Ʈ,�ڽ���
136540,����,�ڽ���
097800,����,�ڽ���
192390,��������,�ڽ���
044480,���ϴ���,�ڽ���
036200,���ϼ�,�ڽ���
018000,���Ͻ�,�ڽ���
011320,����ũ,�ڽ���
086390,�����׽�Ʈ,�ڽ���
241690,������ũ��,�ڽ���
142210,����Ʈ����,�ڽ���
048430,������ũ,�ڽ���
089850,���񺧷Ͻ�,�ڽ���
032620,�����ɾ�,�ڽ���
078070,��������,�ڽ���
024800,����Ƽ������,�ڽ���
054930,����,�ڽ���
069330,�����̵�,�ڽ���
049520,�����̿�,�ڽ���
204620,����Ÿ��1ȣ����,�ڽ���
219960,����Ÿ��2ȣ����,�ڽ���
056090,���ؾ���,�ڽ���
195990,������Ʈ,�ڽ���
023410,��������,�ڽ���
056080,�����κ�,�ڽ���
221200,��������3ȣ,�ڽ���
215090,�������̾��Ǿ�����2ȣ,�ڽ���
084370,������ũ,�ڽ���
178780,����ũ,�ڽ���
191410,���Ͼ�������,�ڽ���
044960,��-�� ��,�ڽ���
039020,�̰�âȣ,�ڽ���
060230,�̱��轺,�ڽ���
067920,�̱۷���ť��Ƽ,�ڽ���
073490,�̳����̾��,�ڽ���
088390,�̳콺,�ڽ���
053350,�̴���,�ڽ���
033110,�̵�,�ڽ���
041520,�̶�����,�ڽ���
054210,�̷���,�ڽ���
065440,�̷���,�ڽ���
036260,�̸����ƽþ�,�ڽ���
115610,�̹�����,�ڽ���
217600,�̺���Ʈ����2ȣ,�ڽ���
225440,�̺���Ʈ����3ȣ,�ڽ���
078020,�̺���Ʈ��������,�ڽ���
080010,�̻���Ʈ����,�ڽ���
086890,�̼�������,�ڽ���
047560,�̽�Ʈ����Ʈ,�ڽ���
900110,�̽�Ʈ�ƽþ�Ȧ����,�ڽ���
067010,�̾�����,�ڽ���
223310,�̿�������,�ڽ���
102710,�̿�������ũ������,�ڽ���
094190,�̿�����,�ڽ���
123570,�̿���,�ڽ���
095190,�̿��ڸ���,�ڽ���
091120,�̿���,�ڽ���
039030,�̿���ũ�н�,�ڽ���
088290,�̿�������,�ڽ���
033600,������,�ڽ���
035810,�������̿�,�ڽ���
090850,����������,�ڽ���
058530,��ť�����ڷ�,�ڽ���
092130,��ũ������,�ڽ���
016250,����ũ�Ǽ�,�ڽ���
096040,��Ʈ��,�ڽ���
134060,��ǻ��,�ڽ���
001840,��ȭ����,�ڽ���
024810,��ȭ����,�ڽ���
041830,�ιٵ�,�ڽ���
079950,�κ��Ͼ�,�ڽ���
060150,�μ��̿�Ƽ,�ڽ���
033230,�μ�����,�ڽ���
037330,���������÷�,�ڽ���
083640,����,�ڽ���
216050,��ũ�ν�,�ڽ���
049070,��ž��,�ڽ���
119610,���ͷ���,�ڽ���
158310,���ͺҽ�,�ڽ���
017250,���Ϳ�,�ڽ���
108790,������ũ,�ڽ���
035080,������ũȦ����,�ڽ���
051370,�����÷���,�ڽ���
064290,�����÷���,�ڽ���
189300,���ڸ�����ũ,�ڽ���
150840,��Ʈ�θ޵�,�ڽ���
048530,��Ʈ�й��̿�,�ڽ���
175140,������ũ,�ڽ���
115310,��������,�ڽ���
039290,������ũ,�ڽ���
041020,����������,�ڽ���
071200,���Ǵ�Ʈ�ｺ�ɾ�,�ڽ���
101930,��ȭ����,�ڽ���
078940,�ϰ���������,�ڽ���
068330,�ϽŹ��̿�,�ڽ���
058450,�Ͼ�,�ڽ���
019540,������ũ,�ڽ���
094820,�����Ŀ�,�ڽ���
950140,�ױۿ��左(Reg.S),�ڽ���
049550,��ũ��ũ,�ڽ���
043910,�ڿ���ȯ��,�ڽ���
234920,���̱�,�ڽ���
174880,������ũ,�ڽ���
049630,�翵�ַ���,�ڽ���
065530,���ı�����,�ڽ���
208140,���ٿ�,�ڽ���
022220,�����ְ�,�ڽ���
040420,�������̿�����,�ڽ���
045510,�������ý�,�ڽ���
065620,������,�ڽ���
217190,���ʼ�,�ڽ���
095700,���ؽ�,�ڽ���
187420,������Ŀ��,�ڽ���
123330,����,�ڽ���
159580,����������,�ڽ���
147830,��������,�ڽ���
033100,��������,�ڽ���
019570,���̴�����,�ڽ���
079370,���콺,�ڽ���
054950,���̺��̿�,�ڽ���
096690,���̽�����,�ڽ���
090470,���̽���,�ڽ���
137950,���̾��ɹ�Į,�ڽ���
033320,���̾����ý���,�ڽ���
026040,���̿���Ƽ��,�ڽ���
126880,���̿���������,�ڽ���
033050,���̿�����,�ڽ���
094970,���̿�Ƽ,�ڽ���
058420,���̿���,�ڽ���
036420,��������Ʈ��,�ڽ���
089790,����Ƽ,�ڽ���
052670,���Ϲ��̿�,�ڽ���
023440,��������,�ڽ���
038010,������ũ�뽺,�ڽ���
080220,���ֹݵ�ü,�ڽ���
082270,���齺,�ڽ���
041590,���齺��ũ���,�ڽ���
044060,����ILI,�ڽ���
034940,��������,�ڽ���
101730,���̸ƽ�,�ڽ���
067000,���̽�Ƽ,�ڽ���
033340,����������,�ڽ���
036930,�ּ������Ͼ,�ڽ���
072020,�߾ӹ���,�ڽ���
000440,�߾ӿ��ʺ���,�ڽ���
054180,�߾ӿ���,�ڽ���
155960,����,�ڽ���
208350,����������ť��Ƽ,�ڽ���
114570,������Ʈ�۷ι�,�ڽ���
051160,��������Ʈ,�ڽ���
053050,��������,�ڽ���
119850,������������,�ڽ���
065060,������,�ڽ���
204840,��������,�ڽ���
018290,������,�ڽ���
115450,��Ʈ������Ƽ,�ڽ���
018120,���ι�ȿ,�ڽ���
109820,����Ʈ����,�ڽ���
086060,�����̿���,�ڽ���
036890,����Ƽ�̾�,�ڽ���
007370,��������,�ڽ���
085660,�����̿���,�ڽ���
900040,���̳��׷���Ʈ,�ڽ���
900090,���̳��Ͽ���,�ڽ���
094850,����������,�ڽ���
004650,â�ؿ�ź��,�ڽ���
111820,ó���ؾ�,�ڽ���
096240,û�㷯��,�ڽ���
013720,û������,�ڽ���
047820,�ʷϹ�,�ڽ���
094360,Ĩ���ع̵���,�ڽ���
016920,ī��,�ڽ���
035720,īī��,�ڽ���
071850,ĳ�����ڸ���,�ڽ���
066410,ĵ���̵���,�ڽ���
050110,ķ�ý�,�ڽ���
078340,������,�ڽ���
214370,�ɾ���,�ڽ���
221980,���̵���,�ڽ���
043290,���̸�,�ڽ���
250930,���̺���10ȣ����,�ڽ���
222390,���̺���8ȣ����,�ڽ���
232270,���̺���9ȣ����,�ڽ���
192250,���̻���,�ڽ���
115500,���̾�����,�ڽ���
089150,���̾�Ƽ,�ڽ���
025880,���̾��ǵ�,�ڽ���
093320,���̾��̿�����,�ڽ���
065940,���̿�������,�ڽ���
073010,���̿�����,�ڽ���
105330,���̿�������,�ڽ���
068150,���̿����۷ι�,�ڽ���
039420,���̿���,�ڽ���
083550,���̿�,�ڽ���
032500,���̿�������,�ڽ���
204650,����Ƽ������1ȣ,�ڽ���
214150,����Ƽ������2ȣ,�ڽ���
064820,������,�ڽ���
024880,�����ǿ���,�ڽ���
042040,�����ǿ���ũ,�ڽ���
054410,������Ƽ,�ڽ���
089010,��Ʈ�δн�,�ڽ���
052400,�ڳ�����,�ڽ���
094860,�ڴб۷θ�,�ڽ���
046070,�ڴ���,�ڽ���
047770,�ڵ����Ĺ���,�ڽ���
080530,�ڵ𿡽�,�ڽ���
224060,�ڵ���,�ڽ���
078650,�ڷ�,�ڽ���
104540,�ڷ���,�ڽ���
033430,�ڸ���,�ڽ���
027050,�ڸ��Ƴ�,�ڽ���
101670,�ڸ��ƿ�����,�ڽ���
123410,�ڸ��ƿ���Ƽ,�ڽ���
036690,�ڸƽ�,�ڽ���
049430,�ڸ޷�,�ڽ���
041960,�ڹ���,�ڽ���
009730,�ڼ�,�ڽ���
241710,�ڽ���ī�ڸ���,�ڽ���
069110,�ڽ���,�ڽ���
048870,�ھƷ���,�ڽ���
166480,�ھƽ���,�ڽ���
045970,�ھƽþ�Ȧ����,�ڽ���
038530,�ھ�ũ�ν�,�ڽ���
029960,�ڿ���,�ڽ���
102940,�ڿ��ջ�������,�ڽ���
033290,�����м�,�ڽ���
056360,������,�ڽ���
121850,������,�ڽ���
015710,����,�ڽ���
052330,����,�ڽ���
126600,������,�ڽ���
200130,�ݸ����ؿ���ġ,�ڽ���
225650,��þ,�ڽ���
060280,ť����,�ڽ���
040350,ť����,�ڽ���
051780,ť��Ȧ����,�ڽ���
115180,ť����Ʈ,�ڽ���
065560,ť�꽺,�ڽ���
182360,ť�꿣��,�ڽ���
066310,ť��������,�ڽ���
016600,ťĳ��Ż,�ڽ���
043590,ũ�ι�������,�ڽ���
114120,ũ������,�ڽ���
083790,ũ����Ż,�ڽ���
900250,ũ����Ż�ż���,�ڽ���
045520,ũ���ػ��̾���,�ڽ���
237880,Ŭ����,�ڽ���
218710,Ű������3ȣ,�ڽ���
226850,Ű������4ȣ,�ڽ���
054780,Ű�̽�Ʈ,�ڽ���
219130,Ÿ�̰��Ϸ�,�ڽ���
065130,ž�����Ͼ,�ڽ���
023160,�±�,�ڽ���
053620,�¾�,�ڽ���
072520,�¾羾�ؿ�,�ڽ���
044490,�¿�,�ڽ���
191420,�װ����̾���,�ڽ���
123100,�׶󼼹���,�ڽ���
182690,�׶���,�ڽ���
066700,�׶������ؽ�,�ڽ���
095610,�׽�,�ڽ���
131970,�׽���,�ڽ���
089030,��ũ��,�ڽ���
038540,�ؼ���Ʈ��,�ڽ���
054450,�ڷ�Ĩ��,�ڽ���
091440,�ڷ��ʵ�,�ڽ���
200230,����,�ڽ���
051360,������,�ڽ���
045340,��Ż����Ʈ,�ڽ���
057880,���ʵ�,�ڽ���
108230,����,�ڽ���
079970,��������Ʈ,�ڽ���
052290,Ʈ���̽�,�ڽ���
105550,Ʈ����,�ڽ���
026150,Ư���Ǽ�,�ڽ���
033830,Ƽ����,�ڽ���
064760,Ƽ������,�ڽ���
131290,Ƽ������,�ڽ���
062860,Ƽ������,�ڽ���
104480,Ƽ�����ɹ�Į,�ڽ���
081150,Ƽ�÷���,�ڽ���
130740,Ƽ�Ǿ��۷ι�,�ڽ���
084730,��ũ����,�ڽ���
046210,�ĳ���,�ڽ���
034230,�Ķ����̽�,�ڽ���
033540,�Ķ���,�ڽ���
043200,�ķ�,�ڽ���
214450,�ĸ�����ġ���δ�Ʈ,�ڽ���
177830,�Ĺ�����,�ڽ���
037070,�ļ���,�ڽ���
150900,�ļ�����,�ڽ���
047310,�Ŀ�������,�ڽ���
170790,���̿���ũ,�ڽ���
049120,���ε��ؾ�,�ڽ���
038950,���ε�����,�ڽ���
106240,������ũ�н�,�ڽ���
131760,������,�ڽ���
140860,��ũ�ý��۽�,�ڽ���
091700,��Ʈ��,�ڽ���
194510,��Ƽ������,�ڽ���
038160,�Ž���,�ڽ���
032800,��Ÿ����,�ڽ���
043090,�ʽ������̿�,�ڽ���
027710,�ʽ��丮,�ڽ���
054300,�ҽ�Ÿ������������,�ڽ���
068050,�ҿ������θ�Ʈ,�ڽ���
222110,����,�ڽ���
060900,�۽��ȹ��̿�,�ڽ���
087010,��Ʈ��,�ڽ���
043370,��ȭ����,�ڽ���
119500,����Ż,�ڽ���
016670,������Ƽ�ؾ�,�ڽ���
022100,������ ICT,�ڽ���
009520,�����ڿ���,�ڽ���
003670,����������,�ڽ���
189690,���ÿ���,�ڽ���
141020,��Ƽ��,�ڽ���
039230,�����극��,�ڽ���
005670,Ǫ����,�ڽ���
094940,Ǫ������,�ڽ���
007330,Ǫ����������,�ڽ���
093380,ǳ��,�ڽ���
023900,ǳ������,�ڽ���
214270,ǻ�Ľ�Ʈ����Ʈ����,�ڽ���
035200,�����Ľ�Ʈ,�ڽ���
203690,���ν��׹ͽ�,�ڽ���
053610,������,�ڽ���
053160,��������,�ڽ���
060910,������,�ڽ���
075130,�÷�Ƽ��,�ڽ���
023770,�÷�������,�ڽ���
032580,�ǵ�����,�ڽ���
051380,�Ǿ�����Ʈ,�ڽ���
237750,�Ǿؾ���ũ,�ڽ���
131390,�Ǿ��ַ̼���,�ڽ���
024850,�ǿ�������,�ڽ���
031980,�ǿ�������,�ڽ���
002230,�ǿ�����,�ڽ���
137400,�ǿ�Ƽ,�ڽ���
128660,�����̸�Ż,�ڽ���
006140,����������,�ڽ���
087600,�ȼ��÷���,�ڽ���
064800,�ʸ�ũ,�ڽ���
230240,�ϳ�����7ȣ����,�ڽ���
250060,�ϳ�����8ȣ����,�ڽ���
067310,�ϳ�����ũ��,�ڽ���
208870,�ϳ��ӽ�Ʈ3ȣ����,�ڽ���
215100,�ϳ��ӽ�Ʈ4ȣ����,�ڽ���
218150,�ϳ��ӽ�Ʈ5ȣ����,�ڽ���
136480,�ϸ�,�ڽ���
024660,�ϸ�Ȧ����,�ڽ���
149980,���̷δ�,�ڽ���
013030,���̷��ڸ���,�ڽ���
126700,���̺����ý���,�ڽ���
200470,���̼�,�ڽ���
106080,���̼Ҵ�,�ڽ���
066980,���̽�,�ڽ���
235010,���̿��̾���1ȣ����,�ڽ���
205470,������2ȣ����,�ڽ���
217500,������3ȣ����,�ڽ���
221840,�������װ�,�ڽ���
106190,��������,�ڽ���
066130,����,�ڽ���
222080,�ѱ�3ȣ����,�ڽ���
240540,�ѱ�4ȣ����,�ڽ���
004590,�ѱ�����,�ڽ���
039340,�ѱ�����TV,�ڽ���
034950,�ѱ���������,�ڽ���
222980,�ѱ��Ƴ�Ƽ,�ڽ���
025550,�ѱ�����,�ڽ���
017890,�ѱ�����,�ڽ���
063570,�ѱ����ڱ���,�ڽ���
041460,�ѱ���������,�ڽ���
101680,�ѱ����б���,�ڽ���
039740,�ѱ���������,�ڽ���
053300,�ѱ���������,�ڽ���
025770,�ѱ���������,�ڽ���
023760,�ѱ�ĳ��Ż,�ڽ���
054040,�ѱ���ǻ��,�ڽ���
021650,�ѱ�ť��,�ڽ���
053590,�ѱ���ũ������,�ڽ���
037230,�ѱ���Ű��,�ڽ���
030520,�ѱ۰���ǻ��,�ڽ���
052600,�ѳ�Ʈ,�ڽ���
092460,�Ѷ�IMS,�ڽ���
047080,�Ѻ�����Ʈ,�ڽ���
081970,�Ѽֳؽ���,�ڽ���
099660,�Ѽֽ���,�ڽ���
221610,�Ѽ־�����,�ڽ���
070590,�Ѽ���Ƽť��,�ڽ���
042520,�ѽ����̿��޵�,�ڽ���
078350,�Ѿ�������,�ڽ���
045100,�Ѿ��̿���,�ڽ���
064090,�Ѿ�����Ÿ��,�ڽ���
046110,���ϳ�Ʈ����,�ڽ���
024740,���ϴ���,�ڽ���
005860,���ϻ���,�ڽ���
123840,��������,�ڽ���
007770,����ȭ��,�ڽ���
061460,�����Ǿؾ�,�ڽ���
079170,��â����,�ڽ���
054920,���Ľ�ť��,�ڽ���
077280,����������,�ڽ���
002680,��ž,�ڽ���
066110,����,�ڽ���
217620,��ȭACPC����,�ڽ���
215380,��ȭMGI����,�ڽ���
214680,��ȭ���̽�����1ȣ,�ڽ���
219860,��ȭ���̽�����2ȣ,�ڽ���
102210,�ش��Ŀ�����,�ڽ���
220630,�ظ���Ǫ�弭����,�ڽ���
034810,�ؼ�����,�ڽ���
076610,�ؼ���ƽ��,�ڽ���
008800,�ೲ��Ȱ�ǰ�,�ڽ���
900270,���ͱ׷�,�ڽ���
170030,��������,�ڽ���
221950,�����帲3ȣ����,�ڽ���
226360,�����帲4ȣ����,�ڽ���
048410,�������̺�Ƽ,�ڽ���
204760,���뿡�̺�����1ȣ,�ڽ���
026180,������������,�ڽ���
039010,��������,�ڽ���
092300,��������,�ڽ���
053660,��������,�ڽ���
011080,����I&C,�ڽ���
060560,Ȩ��ŸȦ����,�ڽ���
064240,Ȩĳ��Ʈ,�ڽ���
039610,ȭ��,�ڽ���
126640,ȭ������,�ڽ���
086250,ȭ����ũ,�ڽ���
204630,ȭ�̺�������,�ڽ���
061250,ȭ�Ͼ�ǰ,�ڽ���
134780,ȭ��,�ڽ���
097870,ȿ�����غ�,�ڽ���
050090,�ִн�����,�ڽ���
115160,�޸ƽ�,�ڽ���
028080,�޸ƽ�Ȧ����,�ڽ���
200670,�޸޵���,�ڽ���
065510,�޺���,�ڽ���
243070,�޿½�,�ڽ���
084110,�޿½��۷ι�,�ڽ���
145020,����,�ڽ���
024060,�ﱸ����,�ڽ���
010240,�ﱹ,�ڽ���
189980,�ﱹ��������,�ڽ���
037440,����,�ڽ���
