#code,name,kind
580004,able KQ Monthly Best 11 ETN,거래소
580006,able KTOP30 ETN,거래소
580003,able Monthly Best 11 ETN,거래소
580002,able Quant비중조절 ETN,거래소
580005,able 우량주 Monthly Best 11 ETN,거래소
580001,able 코스피200선물플러스 ETN,거래소
095570,AJ네트웍스,거래소
068400,AJ렌터카,거래소
006840,AK홀딩스,거래소
152100,ARIRANG 200,거래소
253150,ARIRANG 200선물레버리지,거래소
253160,ARIRANG 200선물인버스2X,거래소
189400,ARIRANG AC 월드(합성 H),거래소
141240,ARIRANG K100EW,거래소
122090,ARIRANG KOSPI50,거래소
222170,ARIRANG S&P 배당성장,거래소
251590,ARIRANG 고배당저변동50,거래소
161510,ARIRANG 고배당주,거래소
251600,ARIRANG 고배당주채권혼합,거래소
190160,ARIRANG 단기유동성,거래소
213630,ARIRANG 미국고배당주(합성 H),거래소
190150,ARIRANG 바벨 채권,거래소
161490,ARIRANG 방어주,거래소
195970,ARIRANG 선진국(합성 H),거래소
236460,ARIRANG 스마트베타 LowVOL,거래소
222190,ARIRANG 스마트베타 Momentum,거래소
222200,ARIRANG 스마트베타 Quality,거래소
222180,ARIRANG 스마트베타 Value,거래소
244820,ARIRANG 스마트베타4종결합,거래소
238670,ARIRANG 스마트베타Quality채권혼합,거래소
195980,ARIRANG 신흥국(합성 H),거래소
256450,ARIRANG 심천차이넥스트(합성),거래소
239660,ARIRANG 우량회사채50,거래소
161500,ARIRANG 주도주,거래소
204420,ARIRANG 차이나H 레버리지(합성 H),거래소
227830,ARIRANG 코스피,거래소
027410,BGF리테일,거래소
138930,BNK금융지주,거래소
001460,BYC,거래소
001465,BYC우,거래소
001040,CJ,거래소
079160,CJ CGV,거래소
000120,CJ대한통운,거래소
011150,CJ씨푸드,거래소
011155,CJ씨푸드1우,거래소
001045,CJ우,거래소
097950,CJ제일제당,거래소
097955,CJ제일제당 우,거래소
037560,CJ헬로비전,거래소
000590,CS홀딩스,거래소
139130,DGB금융지주,거래소
004840,DRB동일,거래소
155660,DSR,거래소
069730,DSR제강,거래소
017940,E1,거래소
007700,F&F,거래소
114090,GKL,거래소
078930,GS,거래소
006360,GS건설,거래소
001250,GS글로벌,거래소
007070,GS리테일,거래소
078935,GS우,거래소
001500,HMC투자증권,거래소
003560,IHQ,거래소
175330,JB금융지주,거래소
234080,JW생명과학,거래소
001060,JW중외제약,거래소
001067,JW중외제약2우B,거래소
001065,JW중외제약우,거래소
096760,JW홀딩스,거래소
148020,KBSTAR 200,거래소
252400,KBSTAR 200선물레버리지,거래소
252410,KBSTAR 200선물인버스,거래소
252420,KBSTAR 200선물인버스2X,거래소
105780,KBSTAR 5대그룹주,거래소
234310,KBSTAR V&S셀렉트밸류,거래소
241390,KBSTAR V&S셀렉트밸류채권혼합,거래소
114100,KBSTAR 국고채,거래소
196230,KBSTAR 단기통안채,거래소
252730,KBSTAR 모멘텀로우볼,거래소
252720,KBSTAR 모멘텀밸류,거래소
219390,KBSTAR 미국원유생산기업(합성 H),거래소
140570,KBSTAR 수출주,거래소
140580,KBSTAR 우량업종,거래소
136340,KBSTAR 우량회사채,거래소
196220,KBSTAR 일본레버리지(H),거래소
183710,KBSTAR 주식혼합,거래소
174360,KBSTAR 중국본토대형주CSI100,거래소
250730,KBSTAR 차이나H주(H),거래소
183700,KBSTAR 채권혼합,거래소
253280,KBSTAR 헬스케어,거래소
253290,KBSTAR 헬스케어채권혼합,거래소
105560,KB금융,거래소
002550,KB손해보험,거래소
002380,KCC,거래소
009070,KCTC,거래소
009440,KC그린홀딩스,거래소
119650,KC코트렐,거래소
092220,KEC,거래소
109070,KGP,거래소
001390,KG케미칼,거래소
105190,KINDEX 200,거래소
225130,KINDEX 골드선물 레버리지(합성 H),거래소
232590,KINDEX 골드선물 인버스2X(합성 H),거래소
114460,KINDEX 국고채,거래소
190620,KINDEX 단기자금,거래소
152500,KINDEX 레버리지,거래소
181480,KINDEX 미국리츠부동산(합성 H),거래소
211260,KINDEX 배당성장,거래소
143460,KINDEX 밸류대형,거래소
245710,KINDEX 베트남VN30(합성),거래소
131890,KINDEX 삼성그룹EW,거래소
108450,KINDEX 삼성그룹SW,거래소
256440,KINDEX 인도네시아MSCI(합성),거래소
145670,KINDEX 인버스,거래소
238720,KINDEX 일본Nikkei225(H),거래소
196030,KINDEX 일본레버리지(H),거래소
205720,KINDEX 일본인버스(합성 H),거래소
168580,KINDEX 중국본토CSI300,거래소
219900,KINDEX 중국본토레버리지(합성),거래소
227930,KINDEX 코스닥 150,거래소
251890,KINDEX 코스닥(합성),거래소
234790,KINDEX 코스닥150 레버리지,거래소
226380,KINDEX 한류,거래소
001940,KISCO홀딩스,거래소
152380,KODEX 10년국채선물,거래소
069500,KODEX 200,거래소
237350,KODEX 200 대형,거래소
226980,KODEX 200 중소형,거래소
223190,KODEX 200가치저변동,거래소
252650,KODEX 200동일가중,거래소
252670,KODEX 200선물인버스2X,거래소
099140,KODEX China H,거래소
204450,KODEX China H 레버리지(H),거래소
101280,KODEX Japan,거래소
229720,KODEX KTOP30,거래소
156080,KODEX MSCI KOREA,거래소
251350,KODEX MSCI World,거래소
200050,KODEX MSCI독일(합성),거래소
219480,KODEX S&P500선물(H),거래소
247780,KODEX 가치투자,거래소
117700,KODEX 건설,거래소
132030,KODEX 골드선물(H),거래소
138910,KODEX 구리선물(H),거래소
114260,KODEX 국고채,거래소
102960,KODEX 기계장비,거래소
153130,KODEX 단기채권,거래소
214980,KODEX 단기채권PLUS,거래소
122630,KODEX 레버리지,거래소
244620,KODEX 모멘텀Plus,거래소
200020,KODEX 미국IT(합성),거래소
200040,KODEX 미국금융(합성),거래소
185680,KODEX 미국바이오(합성),거래소
200030,KODEX 미국산업재(합성),거래소
218420,KODEX 미국에너지(합성),거래소
244580,KODEX 바이오,거래소
091160,KODEX 반도체,거래소
211900,KODEX 배당성장,거래소
237370,KODEX 배당성장채권혼합,거래소
244670,KODEX 밸류Plus,거래소
140700,KODEX 보험,거래소
102780,KODEX 삼성그룹,거래소
213610,KODEX 삼성그룹밸류,거래소
247790,KODEX 성장투자,거래소
136280,KODEX 소비재,거래소
256750,KODEX 심천ChiNext(합성),거래소
117460,KODEX 에너지화학,거래소
140710,KODEX 운송,거래소
144600,KODEX 은선물(H),거래소
091170,KODEX 은행,거래소
114800,KODEX 인버스,거래소
176950,KODEX 인버스국채선물10년,거래소
091180,KODEX 자동차,거래소
169950,KODEX 중국본토 A50,거래소
102970,KODEX 증권,거래소
117680,KODEX 철강,거래소
229200,KODEX 코스닥 150,거래소
233740,KODEX 코스닥150 레버리지,거래소
251340,KODEX 코스닥150인버스,거래소
226490,KODEX 코스피,거래소
138920,KODEX 콩선물(H),거래소
244660,KODEX 퀄리티Plus,거래소
247800,KODEX 턴어라운드투자,거래소
153270,KOSEF 100,거래소
148070,KOSEF 10년국고채,거래소
167860,KOSEF 10년국고채 레버리지,거래소
069660,KOSEF 200,거래소
152280,KOSEF 200 선물,거래소
253250,KOSEF 200선물레버리지,거래소
253240,KOSEF 200선물인버스,거래소
253230,KOSEF 200선물인버스2X,거래소
100910,KOSEF KRX100,거래소
104530,KOSEF 고배당,거래소
114470,KOSEF 국고채,거래소
130730,KOSEF 단기자금,거래소
138230,KOSEF 달러선물,거래소
139660,KOSEF 달러인버스선물,거래소
225800,KOSEF 미국달러선물 레버리지(합성),거래소
230480,KOSEF 미국달러선물 인버스2X(합성),거래소
104520,KOSEF 블루칩,거래소
200250,KOSEF 인디아(합성),거래소
122260,KOSEF 통안채,거래소
083420,KPX그린케미칼,거래소
025000,KPX케미칼,거래소
092230,KPX홀딩스,거래소
000040,KR모터스,거래소
044450,KSS해운,거래소
030200,KT,거래소
033780,KT&G,거래소
030210,KTB투자증권,거래소
058850,KTcs,거래소
168300,KTOP 50,거래소
093050,LF,거래소
003550,LG,거래소
034220,LG디스플레이,거래소
001120,LG상사,거래소
068870,LG생명과학,거래소
068875,LG생명과학우,거래소
051900,LG생활건강,거래소
051905,LG생활건강우,거래소
003555,LG우,거래소
032640,LG유플러스,거래소
011070,LG이노텍,거래소
066570,LG전자,거래소
066575,LG전자우,거래소
108670,LG하우시스,거래소
108675,LG하우시스우,거래소
051910,LG화학,거래소
051915,LG화학우,거래소
079550,LIG넥스원,거래소
006260,LS,거래소
000680,LS네트웍스,거래소
010120,LS산전,거래소
023150,MH에탄올,거래소
035420,NAVER,거래소
181710,NHN엔터테인먼트,거래소
005940,NH투자증권,거래소
005945,NH투자증권우,거래소
034310,NICE,거래소
008260,NI스틸,거래소
004250,NPC,거래소
004255,NPC우,거래소
010060,OCI,거래소
005490,POSCO,거래소
550020,QV 2차전지 테마 ETN,거래소
550001,QV Big Vol ETN,거래소
550018,QV CHINEXT ETN(H),거래소
550025,QV HMR 테마 ETN,거래소
550026,QV KTOP30 ETN,거래소
550030,QV OLED 테마 ETN,거래소
550002,QV WISE 배당 ETN,거래소
550016,QV 건설 TOP5 ETN,거래소
550023,QV 고령화 테마 ETN,거래소
550006,QV 내수소비 TOP5 ETN,거래소
550027,QV 농업 테마 ETN,거래소
550029,QV 대체에너지 테마 ETN,거래소
550004,QV 롱숏 K150 매수 로우볼 매도 ETN,거래소
550014,QV 바이오 TOP5 ETN,거래소
550032,QV 방위산업 테마 ETN,거래소
550022,QV 사물인터넷 테마 ETN,거래소
550008,QV 소프트웨어 TOP5 ETN,거래소
550024,QV 수자원 테마 ETN,거래소
550003,QV 스마트리밸런싱 250/3 ETN,거래소
550005,QV 에너지 TOP5 ETN,거래소
550010,QV 운송 TOP5 ETN,거래소
550012,QV 의료 TOP5 ETN,거래소
550011,QV 자동차 TOP5 ETN,거래소
550019,QV 전기차 테마 ETN,거래소
550015,QV 제약 TOP5 ETN,거래소
550007,QV 조선 TOP5 ETN,거래소
550021,QV 핀테크 테마 ETN,거래소
550009,QV 하드웨어 TOP5 ETN,거래소
550031,QV 항공우주 테마 ETN,거래소
550013,QV 화학 TOP5 ETN,거래소
100840,S&TC,거래소
064960,S&T모티브,거래소
003570,S&T중공업,거래소
036530,S&T홀딩스,거래소
010950,S-Oil,거래소
010955,S-Oil우,거래소
034120,SBS,거래소
101060,SBS미디어홀딩스,거래소
004060,SG세계물산,거래소
001380,SG충방,거래소
002360,SH에너지화학,거래소
009160,SIMPAC,거래소
123700,SJM,거래소
025530,SJM홀딩스,거래소
034730,SK,거래소
011790,SKC,거래소
018670,SK가스,거래소
001740,SK네트웍스,거래소
001745,SK네트웍스우,거래소
210980,SK디앤디,거래소
03473K,SK우,거래소
096770,SK이노베이션,거래소
096775,SK이노베이션우,거래소
001510,SK증권,거래소
001515,SK증권우,거래소
006120,SK케미칼,거래소
006125,SK케미칼우,거래소
017670,SK텔레콤,거래소
000660,SK하이닉스,거래소
208470,SMART MSCI선진국(합성 H),거래소
220130,SMART 중국본토 중소형 CSI500(합성 H),거래소
011810,STX,거래소
077970,STX엔진,거래소
071970,STX중공업,거래소
084870,TBH글로벌,거래소
002710,TCC동양,거래소
102110,TIGER 200,거래소
139260,TIGER 200 IT,거래소
139220,TIGER 200 건설,거래소
139290,TIGER 200 경기소비재,거래소
139270,TIGER 200 금융,거래소
227550,TIGER 200 산업재,거래소
227560,TIGER 200 생활소비재,거래소
139250,TIGER 200 에너지화학,거래소
139230,TIGER 200 중공업,거래소
139240,TIGER 200 철강소재,거래소
227540,TIGER 200 헬스케어,거래소
243880,TIGER 200IT레버리지,거래소
252000,TIGER 200동일가중,거래소
252710,TIGER 200선물인버스2X,거래소
243890,TIGER 200에너지화학레버리지,거래소
091210,TIGER KRX100,거래소
228820,TIGER KTOP30,거래소
138530,TIGER LG그룹+,거래소
225040,TIGER S&P500레버리지(합성 H),거래소
143850,TIGER S&P500선물(H),거래소
225030,TIGER S&P500인버스선물(H),거래소
182480,TIGER US리츠(합성 H),거래소
217790,TIGER 가격조정,거래소
139280,TIGER 경기방어,거래소
237440,TIGER 경기방어채권혼합,거래소
160580,TIGER 구리실물,거래소
114820,TIGER 국채3,거래소
248270,TIGER 글로벌헬스케어(합성),거래소
139310,TIGER 금속선물(H),거래소
139320,TIGER 금은선물(H),거래소
133690,TIGER 나스닥100,거래소
203780,TIGER 나스닥바이오,거래소
137610,TIGER 농산물선물(H),거래소
182490,TIGER 단기선진하이일드(합성 H),거래소
253990,TIGER 대만TAIEX파생(H),거래소
105010,TIGER 라틴,거래소
123320,TIGER 레버리지,거래소
174350,TIGER 로우볼,거래소
147970,TIGER 모멘텀,거래소
245340,TIGER 미국다우존스30,거래소
228810,TIGER 미디어컨텐츠,거래소
091230,TIGER 반도체,거래소
098560,TIGER 방송통신,거래소
211560,TIGER 배당성장,거래소
170350,TIGER 베타플러스,거래소
138520,TIGER 삼성그룹,거래소
152180,TIGER 생활필수품,거래소
157490,TIGER 소프트웨어,거래소
228800,TIGER 여행레저,거래소
227570,TIGER 우량가치,거래소
130680,TIGER 원유선물(H),거래소
217770,TIGER 원유인버스선물(H),거래소
157450,TIGER 유동자금,거래소
195930,TIGER 유로스탁스50(합성 H),거래소
225050,TIGER 유로스탁스레버리지(합성 H),거래소
245350,TIGER 유로스탁스배당30,거래소
091220,TIGER 은행,거래소
225060,TIGER 이머징마켓레버리지(합성 H),거래소
236350,TIGER 인도레버리지(합성),거래소
123310,TIGER 인버스,거래소
195920,TIGER 일본(합성 H),거래소
241180,TIGER 일본니케이225,거래소
248260,TIGER 일본헬스케어(합성),거래소
157510,TIGER 자동차,거래소
150460,TIGER 중국소비테마,거래소
157500,TIGER 증권,거래소
117690,TIGER 차이나,거래소
192090,TIGER 차이나A300,거래소
204480,TIGER 차이나A레버리지(합성),거래소
217780,TIGER 차이나A인버스(합성),거래소
245360,TIGER 차이나H,거래소
166400,TIGER 커버드C200,거래소
232080,TIGER 코스닥150,거래소
233160,TIGER 코스닥150 레버리지,거래소
250780,TIGER 코스닥150인버스,거래소
210780,TIGER 코스피고배당,거래소
143860,TIGER 헬스케어,거래소
138540,TIGER 현대차그룹+,거래소
228790,TIGER 화장품,거래소
157520,TIGER 화학,거래소
108590,TREX 200,거래소
097750,TREX 중소형가치,거래소
145850,TREX 펀더멘탈 200,거래소
570015,TRUE 다우존스 지속가능경영 코리아 ETN,거래소
570011,TRUE 레버리지 엔선물 ETN,거래소
570005,TRUE 목표변동성20 코스피선물 ETN,거래소
570003,TRUE 빅5 동일가중 ETN,거래소
570008,TRUE 섹터탑픽 ETN,거래소
570010,TRUE 엔선물 ETN,거래소
570007,TRUE 위안화 중국5년국채 ETN,거래소
570013,TRUE 유로선물 ETN,거래소
570012,TRUE 인버스 엔선물 ETN,거래소
570014,TRUE 인버스 유로선물 ETN,거래소
570004,TRUE 인버스 유로스탁스50 ETN(H),거래소
570006,TRUE 인버스 차이나H ETN(H),거래소
570009,TRUE 코리아프리미어 ETN,거래소
570002,TRUE 코스피 선물매도 풋매도 ETN,거래소
570001,TRUE 코스피 선물매수 콜매도 ETN,거래소
024070,WISCOM,거래소
037270,YG PLUS,거래소
000500,가온전선,거래소
000860,강남제비스코,거래소
035250,강원랜드,거래소
011420,갤럭시아에스엠,거래소
002100,경농,거래소
012320,경동가스,거래소
009450,경동나비엔,거래소
000050,경방,거래소
214390,경보제약,거래소
012610,경인양행,거래소
009140,경인전자,거래소
013580,계룡건설,거래소
012200,계양전기,거래소
012205,계양전기우,거래소
004200,고려개발,거래소
002140,고려산업,거래소
010130,고려아연,거래소
002240,고려제강,거래소
009810,고려포리머,거래소
001290,골든브릿지증권,거래소
009290,광동제약,거래소
017040,광명전기,거래소
017900,광전자,거래소
037710,광주신세계,거래소
192530,광주은행,거래소
140910,광희리츠,거래소
030610,교보증권,거래소
007690,국도화학,거래소
005320,국동,거래소
001140,국보,거래소
002720,국제약품,거래소
014530,극동유화,거래소
014280,금강공업,거래소
014285,금강공업우,거래소
008870,금비,거래소
001570,금양,거래소
002990,금호산업,거래소
002995,금호산업우,거래소
011780,금호석유,거래소
011785,금호석유우,거래소
214330,금호에이치티,거래소
001210,금호전기,거래소
073240,금호타이어,거래소
092440,기신정기,거래소
000270,기아차,거래소
024110,기업은행,거래소
013700,까뮤이앤씨,거래소
004540,깨끗한나라,거래소
004545,깨끗한나라우,거래소
007460,나라케이아이씨,거래소
001260,남광토건,거래소
008350,남선알미늄,거래소
008355,남선알미우,거래소
004270,남성,거래소
003920,남양유업,거래소
003925,남양유업우,거래소
002070,남영비비안,거래소
025860,남해화학,거래소
005720,넥센,거래소
005725,넥센우,거래소
002350,넥센타이어,거래소
002355,넥센타이어1우B,거래소
110570,넥솔론,거래소
090350,노루페인트,거래소
090355,노루페인트우,거래소
000320,노루홀딩스,거래소
000327,노루홀딩스2우B,거래소
000325,노루홀딩스우,거래소
006280,녹십자,거래소
005250,녹십자홀딩스,거래소
005255,녹십자홀딩스1우,거래소
005257,녹십자홀딩스2우,거래소
004370,농심,거래소
072710,농심홀딩스,거래소
023590,다우기술,거래소
020120,다우인큐브,거래소
015590,대경기계,거래소
019680,대교,거래소
019685,대교우B,거래소
006370,대구백화점,거래소
004130,대덕GDS,거래소
004135,대덕GDS우,거래소
008060,대덕전자,거래소
000490,대동공업,거래소
008110,대동전자,거래소
005750,대림B&Co,거래소
000210,대림산업,거래소
000215,대림산업우,거래소
004440,대림씨엔에스,거래소
006570,대림통상,거래소
001680,대상,거래소
001689,대상3우B,거래소
001685,대상우,거래소
084690,대상홀딩스,거래소
084695,대상홀딩스우,거래소
128820,대성산업,거래소
117580,대성에너지,거래소
005620,대성합동지주,거래소
016710,대성홀딩스,거래소
003540,대신증권,거래소
003547,대신증권2우B,거래소
003545,대신증권우,거래소
009190,대양금속,거래소
014160,대영포장,거래소
520013,대우 Q150 Core5 ETN,거래소
520009,대우 레버리지 원유선물혼합 ETN(H),거래소
520001,대우 로우볼 ETN,거래소
520014,대우 미디어엔터 Core5 ETN,거래소
520006,대우 에너지화학 Core5 ETN,거래소
520010,대우 원유선물혼합 ETN(H),거래소
520003,대우 원자재 선물 ETN(H),거래소
520015,대우 인버스 미디어엔터 Core5 ETN,거래소
520007,대우 인버스 에너지화학 Core5 ETN,거래소
520011,대우 인버스 원유선물혼합 ETN(H),거래소
520005,대우 인버스 전기전자 Core5 ETN,거래소
520004,대우 전기전자 Core5 ETN,거래소
520002,대우 차이나 대표주 15 ETN(H),거래소
047040,대우건설,거래소
009320,대우부품,거래소
042660,대우조선해양,거래소
003090,대웅,거래소
069620,대웅제약,거래소
000430,대원강업,거래소
006340,대원전선,거래소
006345,대원전선우,거래소
003220,대원제약,거래소
024890,대원화성,거래소
002880,대유에이텍,거래소
000300,대유플러스,거래소
012800,대창,거래소
015230,대창단조,거래소
001070,대한방직,거래소
006650,대한유화,거래소
001440,대한전선,거래소
084010,대한제강,거래소
001790,대한제당,거래소
001799,대한제당3우B,거래소
001795,대한제당우,거래소
001130,대한제분,거래소
003490,대한항공,거래소
003495,대한항공우,거래소
005880,대한해운,거래소
003830,대한화섬,거래소
016090,대현,거래소
069460,대호에이엘,거래소
012510,더존비즈온,거래소
004830,덕성,거래소
004835,덕성우,거래소
024900,덕양산업,거래소
008000,도레이케미칼,거래소
002150,도화엔지니어링,거래소
001620,동국실업,거래소
001230,동국제강,거래소
023450,동남합성,거래소
004140,동방,거래소
007590,동방아그로,거래소
012030,동부,거래소
005960,동부건설,거래소
005965,동부건설우,거래소
016380,동부제철,거래소
016385,동부제철우,거래소
016610,동부증권,거래소
000990,동부하이텍,거래소
000995,동부하이텍1우,거래소
005830,동부화재,거래소
083350,동북아10호,거래소
083360,동북아11호,거래소
083370,동북아12호,거래소
083380,동북아13호,거래소
083390,동북아14호,거래소
026960,동서,거래소
002210,동성제약,거래소
102260,동성코퍼레이션,거래소
005190,동성화학,거래소
000640,동아쏘시오홀딩스,거래소
058730,동아에스텍,거래소
170900,동아에스티,거래소
028100,동아지질,거래소
007340,동아타이어,거래소
001520,동양,거래소
001527,동양2우B,거래소
001529,동양3우B,거래소
084670,동양고속,거래소
030790,동양네트웍스,거래소
002900,동양물산,거래소
082640,동양생명,거래소
001525,동양우,거래소
008970,동양철관,거래소
003580,동원,거래소
049770,동원F&B,거래소
018500,동원금속,거래소
006040,동원산업,거래소
030720,동원수산,거래소
014820,동원시스템즈,거래소
014825,동원시스템즈우,거래소
163560,동일고무벨트,거래소
001530,동일방직,거래소
004890,동일산업,거래소
002690,동일제강,거래소
000020,동화약품,거래소
000150,두산,거래소
000157,두산2우B,거래소
011160,두산건설,거래소
241560,두산밥캣,거래소
082740,두산엔진,거래소
000155,두산우,거래소
042670,두산인프라코어,거래소
034020,두산중공업,거래소
016740,두올,거래소
024090,디씨엠,거래소
003160,디아이,거래소
092200,디아이씨,거래소
013570,디와이,거래소
210540,디와이파워,거래소
026890,디피씨,거래소
115390,락앤락,거래소
032350,롯데관광개발,거래소
000400,롯데손해보험,거래소
023530,롯데쇼핑,거래소
004000,롯데정밀화학,거래소
004990,롯데제과,거래소
005300,롯데칠성,거래소
005305,롯데칠성우,거래소
011170,롯데케미칼,거래소
002270,롯데푸드,거래소
071840,롯데하이마트,거래소
027740,마니커,거래소
137930,마이다스 커버드콜,거래소
159800,마이티 K100,거래소
211210,마이티 코스피고배당,거래소
204320,만도,거래소
001080,만호제강,거래소
088980,맥쿼리인프라,거래소
094800,맵스리얼티1,거래소
138040,메리츠금융지주,거래소
008560,메리츠종금증권,거래소
000060,메리츠화재,거래소
017180,명문제약,거래소
012690,모나리자,거래소
005360,모나미,거래소
204210,모두투어리츠,거래소
009680,모토닉,거래소
009580,무림P&P,거래소
009200,무림페이퍼,거래소
033920,무학,거래소
008420,문배철강,거래소
025560,미래산업,거래소
007120,미래아이앤지,거래소
590012,미래에셋 글로벌 리츠 ETN(H),거래소
590010,미래에셋 레버리지 S&P500 ETN(H),거래소
590017,미래에셋 미국 고배당주 ETN(H),거래소
590007,미래에셋 미국 대형주 ETN(H),거래소
590013,미래에셋 미국 리츠 ETN(H),거래소
590001,미래에셋 미국 바이백 ETN(H),거래소
590008,미래에셋 미국 중형주 ETN(H),거래소
590009,미래에셋 미국 항공우주 ETN(H),거래소
590016,미래에셋 미국 헬스케어 ETN(H),거래소
590003,미래에셋 유럽 대형주 ETN(H),거래소
590004,미래에셋 유럽 중형주 ETN(H),거래소
590011,미래에셋 인버스 S&P500 ETN(H),거래소
590005,미래에셋 일본 대형주 ETN(H),거래소
590002,미래에셋 일본 바이백 ETN(H),거래소
590006,미래에셋 일본 중형주 ETN(H),거래소
590018,미래에셋 중국 심천 100 ETN,거래소
006800,미래에셋대우,거래소
006805,미래에셋대우우,거래소
085620,미래에셋생명,거래소
037620,미래에셋증권,거래소
002840,미원상사,거래소
107590,미원에스씨,거래소
134380,미원화학,거래소
003650,미창석유,거래소
155900,바다로19호,거래소
003610,방림,거래소
001340,백광산업,거래소
014580,백광소재,거래소
035150,백산,거래소
002410,범양건영,거래소
096300,베트남개발1,거래소
007210,벽산,거래소
002760,보락,거래소
003850,보령제약,거래소
004740,보루네오,거래소
000890,보해양조,거래소
003000,부광약품,거래소
001270,부국증권,거래소
001275,부국증권우,거래소
026940,부국철강,거래소
015350,부산가스,거래소
011390,부산산업,거래소
005030,부산주공,거래소
100220,비상교육,거래소
005180,빙그레,거래소
003960,사조대림,거래소
008040,사조동아원,거래소
007160,사조산업,거래소
014710,사조씨푸드,거래소
006090,사조오양,거래소
079660,사조해표,거래소
005090,삼광글라스,거래소
005610,삼립식품,거래소
001470,삼부토건,거래소
530014,삼성 China A50 선물 ETN(H),거래소
530013,삼성 KTOP30 ETN,거래소
530010,삼성 건축자재 테마주 ETN,거래소
530023,삼성 레버리지 China A50 선물 ETN(H),거래소
530026,삼성 레버리지 인도 Nifty50 선물 ETN(H),거래소
530007,삼성 레저 테마주 ETN,거래소
530003,삼성 모멘텀 탑픽 ETN,거래소
530020,삼성 미국 대형 가치주 ETN,거래소
530016,삼성 미국 대형 가치주 ETN(H),거래소
530019,삼성 미국 대형 성장주 ETN,거래소
530015,삼성 미국 대형 성장주 ETN(H),거래소
530022,삼성 미국 중소형 가치주 ETN,거래소
530018,삼성 미국 중소형 가치주 ETN(H),거래소
530021,삼성 미국 중소형 성장주 ETN,거래소
530017,삼성 미국 중소형 성장주 ETN(H),거래소
530008,삼성 미디어 테마주 ETN,거래소
530005,삼성 바이오 테마주 ETN,거래소
530011,삼성 온라인쇼핑 테마주 ETN,거래소
530001,삼성 유럽 고배당 주식 ETN(H),거래소
530006,삼성 음식료 테마주 ETN,거래소
530024,삼성 인도 Nifty50 선물 ETN(H),거래소
530002,삼성 인버스 China A50 선물 ETN(H),거래소
530025,삼성 인버스 인도 Nifty50 선물 ETN(H),거래소
530009,삼성 증권 테마주 ETN,거래소
530004,삼성 화장품 테마주 ETN,거래소
530012,삼성 화학 테마주 ETN,거래소
006400,삼성SDI,거래소
006405,삼성SDI우,거래소
006660,삼성공조,거래소
028260,삼성물산,거래소
02826K,삼성물산우B,거래소
207940,삼성바이오로직스,거래소
032830,삼성생명,거래소
018260,삼성에스디에스,거래소
028050,삼성엔지니어링,거래소
009150,삼성전기,거래소
009155,삼성전기우,거래소
005930,삼성전자,거래소
005935,삼성전자우,거래소
001360,삼성제약,거래소
010140,삼성중공업,거래소
010145,삼성중공우,거래소
016360,삼성증권,거래소
068290,삼성출판사,거래소
029780,삼성카드,거래소
000810,삼성화재,거래소
000815,삼성화재우,거래소
006110,삼아알미늄,거래소
145990,삼양사,거래소
145995,삼양사우,거래소
003230,삼양식품,거래소
002170,삼양통상,거래소
000070,삼양홀딩스,거래소
000075,삼양홀딩스우,거래소
002810,삼영무역,거래소
005680,삼영전자,거래소
003720,삼영화학,거래소
023000,삼원강재,거래소
004380,삼익THK,거래소
002450,삼익악기,거래소
000520,삼일제약,거래소
009770,삼정펄프,거래소
005500,삼진제약,거래소
004690,삼천리,거래소
001880,삼호,거래소
010960,삼호개발,거래소
004450,삼화왕관,거래소
009470,삼화전기,거래소
011230,삼화전자,거래소
001820,삼화콘덴서,거래소
000390,삼화페인트,거래소
041650,상신브레이크,거래소
075180,새론오토모티브,거래소
007540,샘표,거래소
248170,샘표식품,거래소
007860,서연,거래소
200880,서연이화,거래소
017390,서울가스,거래소
004410,서울식품,거래소
004415,서울식품우,거래소
021050,서원,거래소
008490,서흥,거래소
007610,선도전기,거래소
136490,선진,거래소
002820,선창산업,거래소
014910,성문전자,거래소
014915,성문전자우,거래소
003080,성보화학,거래소
004980,성신양회,거래소
004987,성신양회2우B,거래소
004989,성신양회3우B,거래소
004985,성신양회우,거래소
011300,성안,거래소
005980,성지건설,거래소
000180,성창기업지주,거래소
002420,세기상사,거래소
004360,세방,거래소
004365,세방우,거래소
004490,세방전지,거래소
001430,세아베스틸,거래소
003030,세아제강,거래소
019440,세아특수강,거래소
058650,세아홀딩스,거래소
013000,세우글로벌,거래소
091090,세원셀론텍,거래소
021820,세원정공,거래소
067830,세이브존I&C,거래소
033530,세종공업,거래소
075580,세진중공업,거래소
027970,세하,거래소
145210,세화아이엠씨,거래소
004430,송원산업,거래소
017550,수산중공업,거래소
002200,수출포장,거래소
003060,슈넬생명과학,거래소
053210,스카이라이프,거래소
016590,신대양제지,거래소
029530,신도리코,거래소
004970,신라교역,거래소
011930,신성솔라에너지,거래소
104120,신성에프에이,거래소
104110,신성이엔지,거래소
005390,신성통상,거래소
004170,신세계,거래소
035510,신세계 I&C,거래소
034300,신세계건설,거래소
031430,신세계인터내셔날,거래소
031440,신세계푸드,거래소
006880,신송홀딩스,거래소
005800,신영와코루,거래소
001720,신영증권,거래소
001725,신영증권우,거래소
009270,신원,거래소
009275,신원우,거래소
002700,신일산업,거래소
019170,신풍제약,거래소
019175,신풍제약우,거래소
002870,신풍제지,거래소
005450,신한,거래소
500001,신한 K200 USD 선물 바이셀 ETN,거래소
500002,신한 USD K200 선물 바이셀 ETN,거래소
500015,신한 WTI원유 선물 ETN(H),거래소
500018,신한 구리 선물 ETN(H),거래소
500016,신한 금 선물 ETN(H),거래소
500009,신한 다우존스지수 선물 ETN(H),거래소
500011,신한 달러인덱스 선물 ETN(H),거래소
500019,신한 레버리지 WTI원유 선물 ETN(H),거래소
500020,신한 레버리지 다우존스지수 선물 ETN(H),거래소
500004,신한 브렌트원유 선물 ETN(H),거래소
500013,신한 옥수수 선물 ETN(H),거래소
500017,신한 은 선물 ETN(H),거래소
500003,신한 인버스 WTI원유 선물 ETN(H),거래소
500008,신한 인버스 구리 선물 ETN(H),거래소
500006,신한 인버스 금 선물 ETN(H),거래소
500010,신한 인버스 다우존스지수 선물 ETN(H),거래소
500012,신한 인버스 달러인덱스 선물 ETN(H),거래소
500005,신한 인버스 브렌트원유 선물 ETN(H),거래소
500014,신한 인버스 옥수수 선물 ETN(H),거래소
500007,신한 인버스 은 선물 ETN(H),거래소
500022,신한 인버스 천연가스 선물 ETN(H),거래소
500024,신한 인버스 콩 선물 ETN(H),거래소
500021,신한 천연가스 선물 ETN(H),거래소
500023,신한 콩 선물 ETN(H),거래소
055550,신한지주,거래소
001770,신화실업,거래소
004080,신흥,거래소
102280,쌍방울,거래소
047400,쌍용머티리얼,거래소
003410,쌍용양회,거래소
003419,쌍용양회3우B,거래소
003415,쌍용양회우,거래소
003620,쌍용차,거래소
004770,써니전자,거래소
004920,씨아이테크,거래소
112610,씨에스윈드,거래소
008700,아남전자,거래소
002790,아모레G,거래소
002795,아모레G우,거래소
090430,아모레퍼시픽,거래소
090435,아모레퍼시픽우,거래소
090370,아비스타,거래소
002030,아세아,거래소
183190,아세아시멘트,거래소
002310,아세아제지,거래소
083570,아시아10호,거래소
083580,아시아11호,거래소
083590,아시아12호,거래소
083600,아시아13호,거래소
083610,아시아14호,거래소
083620,아시아15호,거래소
020560,아시아나항공,거래소
122900,아이마켓코리아,거래소
010780,아이에스동서,거래소
007630,아이카이스트랩,거래소
039570,아이콘트롤스,거래소
033660,아주캐피탈,거래소
101140,아티스,거래소
001780,알루코,거래소
002250,알보젠코리아,거래소
161000,애경유화,거래소
011090,에넥스,거래소
005850,에스엘,거래소
012750,에스원,거래소
023960,에쓰씨엔지니어링,거래소
078520,에이블씨엔씨,거래소
015260,에이엔피,거래소
036570,엔씨소프트,거래소
138250,엔에스쇼핑,거래소
085310,엔케이,거래소
229640,엘에스전선아시아,거래소
069640,엠케이트렌드,거래소
014440,영보화학,거래소
111770,영원무역,거래소
009970,영원무역홀딩스,거래소
003520,영진약품,거래소
000670,영풍,거래소
006740,영풍제지,거래소
012280,영화금속,거래소
012160,영흥철강,거래소
015360,예스코,거래소
007310,오뚜기,거래소
002630,오리엔트바이오,거래소
001800,오리온,거래소
010600,와이비로드,거래소
070960,용평리조트,거래소
004720,우리들제약,거래소
118000,우리들휴브레인,거래소
000030,우리은행,거래소
010050,우리종금,거래소
006980,우성사료,거래소
017370,우신시스템,거래소
105840,우진,거래소
049800,우진플라임,거래소
016880,웅진,거래소
095720,웅진씽크빅,거래소
103130,웅진에너지,거래소
005820,원림,거래소
008600,윌비스,거래소
033270,유나이티드제약,거래소
014830,유니드,거래소
000910,유니온,거래소
011330,유니켐,거래소
077500,유니퀘스트,거래소
002920,유성기업,거래소
000700,유수홀딩스,거래소
003470,유안타증권,거래소
003475,유안타증권우,거래소
011690,유양디앤유,거래소
072130,유엔젤,거래소
000220,유유제약,거래소
000225,유유제약1우,거래소
000227,유유제약2우B,거래소
001200,유진투자증권,거래소
000100,유한양행,거래소
000105,유한양행우,거래소
003460,유화증권,거래소
003465,유화증권우,거래소
008730,율촌화학,거래소
008250,이건산업,거래소
025820,이구산업,거래소
214320,이노션,거래소
139480,이마트,거래소
007660,이수페타시스,거래소
005950,이수화학,거래소
015020,이스타코,거래소
093230,이아이디,거래소
074610,이엔쓰리,거래소
102460,이연제약,거래소
084680,이월드,거래소
000760,이화산업,거래소
014990,인디에프,거래소
006490,인스코비,거래소
023800,인지컨트롤스,거래소
034590,인천도시가스,거래소
129260,인터지스,거래소
023810,인팩,거래소
249420,일동제약,거래소
000230,일동홀딩스,거래소
013360,일성건설,거래소
013367,일성건설2우B,거래소
003120,일성신약,거래소
003200,일신방직,거래소
007110,일신석재,거래소
007570,일양약품,거래소
007575,일양약품우,거래소
008500,일정실업,거래소
081000,일진다이아,거래소
020760,일진디스플,거래소
020150,일진머티리얼즈,거래소
103590,일진전기,거래소
015860,일진홀딩스,거래소
226320,잇츠스킨,거래소
033240,자화전자,거래소
000950,전방,거래소
194370,제이에스코퍼레이션,거래소
025620,제이준,거래소
030000,제일기획,거래소
002620,제일약품,거래소
001560,제일연마,거래소
006220,제주은행,거래소
089590,제주항공,거래소
004910,조광페인트,거래소
004700,조광피혁,거래소
001550,조비,거래소
000480,조선내화,거래소
120030,조선선재,거래소
018470,조일알미늄,거래소
002600,조흥,거래소
185750,종근당,거래소
063160,종근당바이오,거래소
001630,종근당홀딩스,거래소
044380,주연테크,거래소
900050,중국원양자원,거래소
013870,지엠비코리아,거래소
071320,지역난방공사,거래소
010580,지코,거래소
035000,지투알,거래소
088790,진도,거래소
003780,진양산업,거래소
010640,진양폴리,거래소
100250,진양홀딩스,거래소
051630,진양화학,거래소
011000,진원생명과학,거래소
002780,진흥기업,거래소
002787,진흥기업2우B,거래소
002785,진흥기업우B,거래소
009310,참엔지니어링,거래소
000650,천일고속,거래소
012600,청호컴넷,거래소
033250,체시스,거래소
006380,카프로,거래소
021960,케이비캐피탈,거래소
029460,케이씨텍,거래소
145270,케이탑리츠,거래소
058860,케이티스,거래소
900140,코라오홀딩스,거래소
090970,코리아01호,거래소
090980,코리아02호,거래소
090990,코리아03호,거래소
091000,코리아04호,거래소
007815,코리아써우,거래소
007810,코리아써키트,거래소
00781K,코리아써키트2우B,거래소
152330,코리아오토글라스,거래소
003690,코리안리,거래소
192820,코스맥스,거래소
044820,코스맥스비티아이,거래소
005070,코스모신소재,거래소
005420,코스모화학,거래소
071950,코아스,거래소
002020,코오롱,거래소
003070,코오롱글로벌,거래소
003075,코오롱글로벌우,거래소
144620,코오롱머티리얼,거래소
002025,코오롱우,거래소
120110,코오롱인더,거래소
120115,코오롱인더우,거래소
138490,코오롱플라스틱,거래소
021240,코웨이,거래소
031820,콤텍시스템,거래소
192400,쿠쿠전자,거래소
005740,크라운제과,거래소
005745,크라운제우,거래소
039490,키움증권,거래소
012170,키위미디어그룹,거래소
015890,태경산업,거래소
006890,태경화학,거래소
003240,태광산업,거래소
011280,태림포장,거래소
004100,태양금속,거래소
004105,태양금속우,거래소
009410,태영건설,거래소
009415,태영건설우,거래소
001420,태원물산,거래소
007980,태평양물산,거래소
078000,텔코웨어,거래소
214420,토니모리,거래소
140890,트러스제7호,거래소
019180,티에이치엔,거래소
004870,티웨이홀딩스,거래소
134790,팀스,거래소
005690,파미셀,거래소
140950,파워 K100,거래소
152870,파워 K200,거래소
192720,파워 고배당저변동성,거래소
176710,파워 국고채,거래소
226810,파워 단기채,거래소
036580,팜스코,거래소
028670,팬오션,거래소
010820,퍼스텍,거래소
016800,퍼시스,거래소
001020,페이퍼코리아,거래소
090080,평화산업,거래소
010770,평화홀딩스,거래소
058430,포스코강판,거래소
047050,포스코대우,거래소
017810,풀무원,거래소
103140,풍산,거래소
005810,풍산홀딩스,거래소
033180,필룩스,거래소
086790,하나금융지주,거래소
099340,하나니켈1호,거래소
099350,하나니켈2호,거래소
039130,하나투어,거래소
172580,하이골드12호,거래소
139200,하이골드2호,거래소
153360,하이골드3호,거래소
159650,하이골드8호,거래소
071090,하이스틸,거래소
019490,하이트론,거래소
000080,하이트진로,거래소
000087,하이트진로2우B,거래소
000140,하이트진로홀딩스,거래소
000145,하이트진로홀딩스우,거래소
152550,한국ANKOR유전,거래소
036460,한국가스공사,거래소
005430,한국공항,거래소
071050,한국금융지주,거래소
071055,한국금융지주우,거래소
010040,한국내화,거래소
025540,한국단자,거래소
004090,한국석유,거래소
002960,한국쉘석유,거래소
002000,한국유리,거래소
002005,한국유리우,거래소
123890,한국자산신탁,거래소
015760,한국전력,거래소
006200,한국전자홀딩스,거래소
002300,한국제지,거래소
023350,한국종합기술,거래소
025890,한국주강,거래소
000970,한국주철관,거래소
104700,한국철강,거래소
017960,한국카본,거래소
161890,한국콜마,거래소
024720,한국콜마홀딩스,거래소
161390,한국타이어,거래소
000240,한국타이어월드와이드,거래소
034830,한국토지신탁,거래소
007280,한국특수형강,거래소
168490,한국패러랠,거래소
010100,한국프랜지,거래소
047810,한국항공우주,거래소
123690,한국화장품,거래소
003350,한국화장품제조,거래소
011500,한농화성,거래소
002390,한독,거래소
014790,한라,거래소
060980,한라홀딩스,거래소
053690,한미글로벌,거래소
042700,한미반도체,거래소
008930,한미사이언스,거래소
128940,한미약품,거래소
009240,한샘,거래소
020000,한섬,거래소
003680,한성기업,거래소
105630,한세실업,거래소
016450,한세예스24홀딩스,거래소
010420,한솔PNS,거래소
009180,한솔로지스틱스,거래소
007190,한솔아트원제지,거래소
007197,한솔아트원제지2우B,거래소
213500,한솔제지,거래소
014680,한솔케미칼,거래소
004710,한솔테크닉스,거래소
004150,한솔홀딩스,거래소
025750,한솔홈데코,거래소
004960,한신공영,거래소
011700,한신기계,거래소
001750,한양증권,거래소
001755,한양증권우,거래소
018880,한온시스템,거래소
009420,한올바이오파마,거래소
014130,한익스프레스,거래소
003300,한일시멘트,거래소
002220,한일철강,거래소
051600,한전KPS,거래소
052690,한전기술,거래소
130660,한전산업,거래소
002320,한진,거래소
097230,한진중공업,거래소
003480,한진중공업홀딩스,거래소
180640,한진칼,거래소
18064K,한진칼우,거래소
117930,한진해운,거래소
005110,한창,거래소
009460,한창제지,거래소
000880,한화,거래소
00088K,한화3우B,거래소
027390,한화갤러리아타임월드,거래소
088350,한화생명,거래소
000370,한화손해보험,거래소
000885,한화우,거래소
009830,한화케미칼,거래소
009835,한화케미칼우,거래소
012450,한화테크윈,거래소
003530,한화투자증권,거래소
003535,한화투자증권우,거래소
015540,핫텍,거래소
195870,해성디에스,거래소
101530,해태제과식품,거래소
089470,현대EP,거래소
000720,현대건설,거래소
000725,현대건설우,거래소
005440,현대그린푸드,거래소
086280,현대글로비스,거래소
064350,현대로템,거래소
079430,현대리바트,거래소
012330,현대모비스,거래소
010620,현대미포조선,거래소
069960,현대백화점,거래소
004560,현대비앤지스틸,거래소
004565,현대비앤지스틸우,거래소
012630,현대산업,거래소
011760,현대상사,거래소
011200,현대상선,거래소
006390,현대시멘트,거래소
227840,현대씨앤에프,거래소
004310,현대약품,거래소
126560,현대에이치씨엔,거래소
017800,현대엘리베이,거래소
011210,현대위아,거래소
004020,현대제철,거래소
009540,현대중공업,거래소
005380,현대차,거래소
005387,현대차2우B,거래소
005389,현대차3우B,거래소
005385,현대차우,거래소
011720,현대페인트,거래소
001450,현대해상,거래소
057050,현대홈쇼핑,거래소
093240,형지엘리트,거래소
003010,혜인,거래소
008770,호텔신라,거래소
008775,호텔신라우,거래소
002460,화성산업,거래소
013520,화승알앤에이,거래소
241590,화승엔터프라이즈,거래소
006060,화승인더,거래소
010690,화신,거래소
133820,화인베스틸,거래소
010660,화천기계,거래소
000850,화천기공,거래소
016580,환인제약,거래소
032560,황금에스티,거래소
004800,효성,거래소
094280,효성ITX,거래소
093370,후성,거래소
081660,휠라코리아,거래소
005870,휴니드,거래소
079980,휴비스,거래소
005010,휴스틸,거래소
069260,휴켐스,거래소
215620,흥국 S&P 로우볼,거래소
000540,흥국화재,거래소
000547,흥국화재2우B,거래소
000545,흥국화재우,거래소
003280,흥아해운,거래소
